z1,T_K,P_kPa
0.05,176.221,200
0.05,177.569,210.254
0.05,179.068,222.142
0.05,180.734,235.997
0.05,182.589,252.237
0.05,184.658,271.394
0.05,186.968,294.152
0.05,189.55,321.397
0.05,192.441,354.289
0.05,195.686,394.371
0.05,199.334,443.718
0.05,203.447,505.16
0.05,208.096,582.618
0.05,213.133,676.905
0.05,218.329,786.452
0.05,223.694,913.727
0.05,229.236,1061.6
0.05,234.968,1233.4
0.05,240.9,1433.01
0.05,247.045,1664.92
0.05,253.416,1934.36
0.05,260.029,2247.41
0.05,266.902,2611.11
0.05,274.057,3033.68
0.05,280.657,3464.9
0.05,274.057,3033.68
0.05,266.763,2603.35
0.05,259.895,2240.72
0.05,266.763,2603.35
0.05,273.912,3024.66
0.05,280.527,3456.04
0.05,273.912,3024.66
0.05,266.604,2594.52
0.05,259.743,2233.12
0.05,266.604,2594.52
0.05,273.747,3014.4
0.05,280.379,3445.94
0.05,273.747,3014.4
0.05,266.423,2584.48
0.05,259.569,2224.48
0.05,266.423,2584.48
0.05,273.558,3002.74
0.05,280.21,3434.46
0.05,273.558,3002.74
0.05,266.218,2573.08
0.05,259.371,2214.67
0.05,266.218,2573.08
0.05,273.344,2989.5
0.05,280.018,3421.4
0.05,273.344,2989.5
0.05,265.983,2560.15
0.05,259.146,2203.54
0.05,265.983,2560.15
0.05,273.1,2974.47
0.05,279.799,3406.56
0.05,273.1,2974.47
0.05,265.717,2545.5
0.05,258.889,2190.93
0.05,265.717,2545.5
0.05,272.822,2957.45
0.05,279.549,3389.73
0.05,272.822,2957.45
0.05,265.414,2528.92
0.05,258.598,2176.66
0.05,265.414,2528.92
0.05,272.506,2938.18
0.05,279.266,3370.64
0.05,272.506,2938.18
0.05,265.069,2510.18
0.05,258.266,2160.53
0.1,161.671,200
0.1,162.984,210.254
0.1,164.45,222.142
0.1,166.089,235.997
0.1,167.923,252.237
0.1,169.979,271.394
0.1,172.289,294.152
0.1,174.888,321.397
0.1,177.819,354.289
0.1,181.131,394.371
0.1,184.882,443.718
0.1,189.143,505.16
0.1,193.994,582.618
0.1,199.285,676.905
0.1,204.776,786.452
0.1,210.472,913.727
0.1,216.381,1061.6
0.1,222.51,1233.4
0.1,228.869,1433.01
0.1,235.468,1664.92
0.1,242.32,1934.36
0.1,249.442,2247.41
0.1,256.855,2611.11
0.1,264.587,3033.68
0.1,272.68,3524.63
0.1,279.845,4000.09
0.1,272.68,3524.63
0.1,264.424,3024.29
0.1,256.699,2603.03
0.1,264.424,3024.29
0.1,272.509,3513.73
0.1,279.698,3989.98
0.1,272.509,3513.73
0.1,264.228,3013.08
0.1,256.512,2593.38
0.1,264.228,3013.08
0.1,272.304,3500.7
0.1,279.522,3977.88
0.1,272.304,3500.7
0.1,263.994,2999.71
0.1,256.288,2581.87
0.1,263.994,2999.71
0.1,272.059,3485.16
0.1,279.311,3963.43
0.1,272.059,3485.16
0.1,263.715,2983.77
0.1,256.02,2568.16
0.1,263.715,2983.77
0.1,271.765,3466.65
0.1,279.059,3946.18
0.1,271.765,3466.65
0.1,263.381,2964.82
0.1,255.7,2551.84
0.1,263.381,2964.82
0.1,271.415,3444.63
0.1,278.758,3925.62
0.1,271.415,3444.63
0.1,262.983,2942.3
0.1,255.319,2532.46
0.1,262.983,2942.3
0.1,270.998,3418.47
0.1,278.398,3901.13
0.1,270.998,3418.47
0.1,262.508,2915.62
0.1,254.864,2509.5
0.1,262.508,2915.62
0.1,270.5,3387.47
0.1,277.969,3872.03
0.1,270.5,3387.47
0.1,261.942,2884.07
0.15,152.528,200
0.15,153.731,210.179
0.15,155.079,222.008
0.15,156.595,235.838
0.15,158.298,252.067
0.15,160.213,271.211
0.15,162.371,293.954
0.15,164.809,321.18
0.15,167.572,354.05
0.15,170.71,394.105
0.15,174.288,443.419
0.15,178.38,504.82
0.15,183.076,582.225
0.15,188.245,676.449
0.15,193.657,785.922
0.15,199.323,913.111
0.15,205.25,1060.88
0.15,211.448,1232.57
0.15,217.926,1432.04
0.15,224.696,1663.8
0.15,231.771,1933.06
0.15,239.168,2245.89
0.15,246.909,2609.35
0.15,255.025,3031.63
0.15,263.564,3522.26
0.15,272.616,4092.28
0.15,279.959,4586.27
0.15,272.616,4092.28
0.15,263.751,3533.55
0.15,255.202,3041.35
0.15,263.751,3533.55
0.15,272.816,4105.4
0.15,280.123,4597.48
0.15,272.816,4105.4
0.15,263.99,3547.97
0.15,255.428,3053.77
0.15,263.99,3547.97
0.15,273.071,4122.16
0.15,280.331,4611.77
0.15,273.071,4122.16
0.15,264.295,3566.43
0.15,255.717,3069.65
0.15,264.295,3566.43
0.15,273.397,4143.6
0.15,280.596,4630.01
0.15,273.397,4143.6
0.15,264.684,3590.08
0.15,256.086,3090.01
0.15,264.684,3590.08
0.15,273.812,4171.08
0.15,280.934,4653.3
0.15,273.812,4171.08
0.15,265.182,3620.48
0.15,256.557,3116.17
0.15,265.182,3620.48
0.15,274.345,4206.4
0.15,281.367,4683.11
0.15,274.345,4206.4
0.15,265.82,3659.68
0.15,257.161,3149.92
0.15,265.82,3659.68
0.15,275.029,4251.94
0.15,281.921,4721.32
0.15,275.029,4251.94
0.15,266.641,3710.47
0.15,257.937,3193.63
0.15,266.641,3710.47
0.15,275.909,4310.95
0.15,282.632,4770.42
0.15,275.909,4310.95
0.2,146.361,200
0.2,147.433,209.792
0.2,148.632,221.122
0.2,149.976,234.3
0.2,151.485,249.717
0.2,153.182,267.868
0.2,155.098,289.39
0.2,157.266,315.115
0.2,159.729,346.136
0.2,162.539,383.921
0.2,165.759,430.471
0.2,169.47,488.564
0.2,173.777,562.152
0.2,178.584,652.47
0.2,183.711,758.703
0.2,189.084,881.487
0.2,194.744,1024.14
0.2,200.707,1189.88
0.2,206.988,1382.45
0.2,213.604,1606.17
0.2,220.573,1866.11
0.2,227.914,2168.11
0.2,235.653,2518.98
0.2,243.823,2926.64
0.2,252.472,3400.27
0.2,261.684,3950.55
0.2,271.632,4589.89
0.2,279.098,5085.65
0.2,271.632,4589.89
0.2,262.203,3982.82
0.2,252.957,3428.05
0.2,262.203,3982.82
0.2,272.199,4627.38
0.2,279.54,5114.83
0.2,272.199,4627.38
0.2,262.912,4027.17
0.2,253.618,3466.22
0.2,262.912,4027.17
0.2,272.977,4678.9
0.2,280.144,5154.59
0.2,272.977,4678.9
0.2,263.885,4088.45
0.2,254.526,3518.96
0.2,263.885,4088.45
0.2,274.05,4750.1
0.2,280.972,5208.86
0.2,274.05,4750.1
0.2,265.23,4173.85
0.2,255.778,3592.47
0.2,265.23,4173.85
0.2,275.541,4849.33
0.2,282.117,5283.07
0.2,275.541,4849.33
0.2,267.109,4294.36
0.2,256.578,3639.91
0.2,247.687,3132.9
0.2,256.578,3639.91
0.2,266.092,4228.98
0.2,274.735,4795.68
0.2,266.092,4228.98
0.2,255.319,3565.45
0.2,246.503,3068.81
0.2,255.319,3565.45
0.2,264.737,4142.46
0.2,274.993,4812.85
0.2,281.697,5255.99
0.2,274.993,4812.85
0.2,266.417,4249.85
0.2,255.722,3589.17
0.2,246.882,3089.23
0.25,141.892,200
0.25,142.882,209.642
0.25,143.988,220.778
0.25,145.224,233.702
0.25,146.61,248.783
0.25,148.166,266.485
0.25,149.917,287.4
0.25,151.893,312.29
0.25,154.13,342.148
0.25,156.671,378.286
0.25,159.568,422.456
0.25,162.886,477.041
0.25,166.708,545.339
0.25,170.938,627.891
0.25,175.402,723.245
0.25,180.125,833.574
0.25,185.131,961.493
0.25,190.453,1110.17
0.25,196.123,1283.45
0.25,202.183,1486.04
0.25,208.676,1723.71
0.25,215.656,2003.5
0.25,223.043,2327.74
0.25,230.893,2704.45
0.25,239.253,3142.12
0.25,248.193,3650.62
0.25,257.832,4241.42
0.25,268.437,4927.83
0.25,276.386,5442.45
0.25,268.437,4927.83
0.25,257.988,4251.26
0.25,248.336,3659.1
0.25,257.988,4251.26
0.25,268.612,4939.26
0.25,276.517,5450.66
0.25,268.612,4939.26
0.25,258.215,4265.66
0.25,248.545,3671.48
0.25,258.215,4265.66
0.25,268.867,4955.99
0.25,276.708,5462.62
0.25,268.867,4955.99
0.25,258.547,4286.74
0.25,248.851,3689.63
0.25,258.547,4286.74
0.25,269.241,4980.49
0.25,276.987,5480.06
0.25,269.241,4980.49
0.25,259.034,4317.73
0.25,249.299,3716.3
0.25,259.034,4317.73
0.25,269.79,5016.48
0.25,277.397,5505.5
0.25,269.79,5016.48
0.25,259.751,4363.45
0.25,249.957,3755.65
0.25,259.751,4363.45
0.25,270.602,5069.6
0.25,278.001,5542.64
0.25,270.602,5069.6
0.25,260.81,4431.37
0.25,250.928,3814.11
0.25,260.81,4431.37
0.25,271.81,5148.52
0.25,278.895,5596.81
0.25,271.81,5148.52
0.25,262.392,4533.35
0.25,252.373,3901.89
0.25,262.392,4533.35
0.25,273.636,5267
0.3,138.474,200
0.3,139.407,209.579
0.3,140.447,220.632
0.3,141.609,233.447
0.3,142.909,248.381
0.3,144.367,265.885
0.3,146.005,286.528
0.3,147.85,311.043
0.3,149.934,340.373
0.3,152.293,375.758
0.3,154.976,418.837
0.3,158.036,471.811
0.3,161.545,537.68
0.3,165.407,616.683
0.3,169.457,707.103
0.3,173.713,810.617
0.3,178.19,929.171
0.3,182.909,1065.03
0.3,187.889,1220.83
0.3,193.157,1399.66
0.3,198.738,1605.12
0.3,204.661,1841.42
0.3,210.961,2113.41
0.3,217.671,2426.63
0.3,224.828,2787.15
0.3,232.462,3201.23
0.3,240.599,3674.18
0.3,249.233,4207.86
0.3,258.305,4794.76
0.3,267.614,5403.9
0.3,275.302,5874.28
0.3,267.614,5403.9
0.3,257.001,4709.31
0.3,247.983,4128.84
0.3,257.001,4709.31
0.3,266.298,5318.78
0.3,275.405,5880.04
0.3,280.68,6130.97
0.3,275.405,5880.04
0.3,267.759,5413.22
0.3,257.198,4722.25
0.3,248.173,4140.77
0.3,257.198,4722.25
0.3,266.498,5331.77
0.3,275.592,5890.42
0.3,280.803,6135.23
0.3,275.592,5890.42
0.3,268.022,5430.11
0.3,257.557,4745.76
0.3,248.516,4162.48
0.3,257.557,4745.76
0.3,266.861,5355.27
0.3,274.766,5843.91
0.3,266.861,5355.27
0.3,255.973,4642.16
0.3,247.001,4067.11
0.3,255.973,4642.16
0.3,265.254,5250.86
0.3,274.424,5824.28
0.3,280.027,6106.61
0.3,274.424,5824.28
0.3,266.382,5324.26
0.3,257.084,4714.77
0.3,266.382,5324.26
0.3,275.484,5884.43
0.3,280.732,6132.79
0.3,275.484,5884.43
0.3,267.87,5420.35
0.3,257.35,4732.18
0.3,248.318,4149.93
0.35,135.756,200
0.35,136.645,209.553
0.35,137.636,220.571
0.35,138.742,233.337
0.35,139.979,248.205
0.35,141.364,265.617
0.35,142.918,286.132
0.35,144.666,310.464
0.35,146.636,339.535
0.35,148.863,374.542
0.35,151.389,417.066
0.35,154.264,469.212
0.35,157.548,533.82
0.35,161.149,610.97
0.35,164.909,698.807
0.35,168.841,798.754
0.35,172.956,912.422
0.35,177.268,1041.64
0.35,181.79,1188.46
0.35,186.54,1355.23
0.35,191.535,1544.57
0.35,196.794,1759.46
0.35,202.338,2003.19
0.35,208.19,2279.39
0.35,214.37,2591.93
0.35,220.902,2944.76
0.35,227.805,3341.48
0.35,235.088,3784.57
0.35,242.747,4273.73
0.35,250.744,4802.67
0.35,258.975,5352.65
0.35,267.195,5879.03
0.35,274.853,6282.32
0.35,279.106,6382.72
0.35,274.853,6282.32
0.35,268.124,5934.63
0.35,259.931,5415.89
0.35,268.124,5934.63
0.35,275.654,6312.88
0.35,279.568,6378.63
0.35,275.654,6312.88
0.35,269.34,6005.47
0.35,260.02,5421.73
0.35,251.773,4871.5
0.35,260.02,5421.73
0.35,268.21,5939.69
0.35,275.727,6315.48
0.35,279.61,6377.99
0.35,275.727,6315.48
0.35,269.451,6011.84
0.35,260.181,5432.34
0.35,251.932,4882.14
0.35,260.181,5432.34
0.35,268.365,5948.87
0.35,275.859,6320.1
0.35,279.684,6376.71
0.35,275.859,6320.1
0.35,269.654,6023.33
0.35,260.473,5451.57
0.35,252.221,4901.46
0.35,260.473,5451.57
0.35,268.647,5965.38
0.35,275.199,6295.95
0.35,268.647,5965.38
0.35,259.02,5355.64
0.35,250.789,4805.63
0.35,259.02,5355.64
0.35,267.239,5881.69
0.35,274.891,6283.86
0.35,279.128,6382.64
0.4,133.528,200
0.4,134.383,209.544
0.4,135.335,220.549
0.4,136.397,233.296
0.4,137.584,248.135
0.4,138.912,265.505
0.4,140.401,285.958
0.4,142.073,310.199
0.4,143.955,339.135
0.4,146.08,373.941
0.4,148.486,416.162
0.4,151.217,467.846
0.4,154.33,531.738
0.4,157.733,607.821
0.4,161.274,694.156
0.4,164.964,792.017
0.4,168.81,902.819
0.4,172.821,1028.13
0.4,177.01,1169.7
0.4,181.386,1329.44
0.4,185.962,1509.46
0.4,190.751,1712.07
0.4,195.767,1939.75
0.4,201.025,2195.16
0.4,206.54,2481.05
0.4,212.327,2800.14
0.4,218.399,3154.91
0.4,224.765,3547.21
0.4,231.43,3977.53
0.4,238.383,4443.74
0.4,245.592,4938.96
0.4,252.983,5447.47
0.4,260.401,5937.5
0.4,267.535,6347.29
0.4,273.738,6558.09
0.4,276.753,6476.76
0.4,273.738,6558.09
0.4,268.259,6382.19
0.4,261.185,5986.63
0.4,268.259,6382.19
0.4,274.298,6560.82
0.4,277.009,6448.09
0.4,274.298,6560.82
0.4,269.201,6424.74
0.4,261.054,5978.49
0.4,253.646,5492.51
0.4,261.054,5978.49
0.4,268.139,6376.52
0.4,274.206,6560.71
0.4,276.968,6453.23
0.4,274.206,6560.71
0.4,269.045,6417.96
0.4,260.815,5963.52
0.4,253.403,5476
0.4,260.815,5963.52
0.4,267.918,6365.98
0.4,274.037,6560.14
0.4,276.892,6462.25
0.4,274.037,6560.14
0.4,268.759,6405.21
0.4,261.731,6020.43
0.4,268.759,6405.21
0.4,274.673,6559.72
0.4,277.169,6425.04
0.4,274.673,6559.72
0.4,269.844,6451.65
0.4,262.047,6039.8
0.4,254.658,5560.98
0.4,262.047,6039.8
0.4,269.046,6417.99
0.45,131.66,200
0.45,132.486,209.544
0.45,133.407,220.546
0.45,134.434,233.287
0.45,135.58,248.116
0.45,136.861,265.468
0.45,138.297,285.892
0.45,139.908,310.088
0.45,141.72,338.951
0.45,143.762,373.644
0.45,146.07,415.688
0.45,148.687,467.092
0.45,151.663,530.542
0.45,154.908,605.953
0.45,158.276,691.329
0.45,161.775,787.844
0.45,165.409,896.786
0.45,169.187,1019.56
0.45,173.116,1157.7
0.45,177.203,1312.87
0.45,181.458,1486.83
0.45,185.889,1681.51
0.45,190.506,1898.89
0.45,195.319,2141.04
0.45,200.339,2410.07
0.45,205.574,2707.99
0.45,211.035,3036.57
0.45,216.728,3397.12
0.45,222.657,3790.09
0.45,228.82,4214.38
0.45,235.205,4666.38
0.45,241.778,5138.18
0.45,248.48,5614.83
0.45,255.192,6069.55
0.45,261.7,6455.58
0.45,267.598,6691.83
0.45,272.074,6637.42
0.45,273.458,6336.62
0.45,272.074,6637.42
0.45,268.416,6707.15
0.45,261.812,6461.39
0.45,255.31,6077.18
0.45,261.812,6461.39
0.45,267.693,6693.93
0.45,272.132,6632.56
0.45,273.468,6327.1
0.45,272.132,6632.56
0.45,268.536,6708.82
0.45,262.014,6471.81
0.45,255.524,6090.98
0.45,262.014,6471.81
0.45,267.864,6697.53
0.45,272.235,6623.3
0.45,273.482,6309.41
0.45,272.235,6623.3
0.45,268.752,6711.4
0.45,262.378,6490.28
0.45,255.912,6115.76
0.45,262.378,6490.28
0.45,268.171,6703.26
0.45,271.954,6646.75
0.45,268.171,6703.26
0.45,261.401,6439.83
0.45,254.876,6049.05
0.45,261.401,6439.83
0.45,267.341,6685.76
0.45,271.914,6649.64
0.45,273.428,6361.35
0.45,271.914,6649.64
0.45,268.091,6701.84
0.5,130.062,200
0.5,130.866,209.547
0.5,131.76,220.552
0.5,132.757,233.294
0.5,133.869,248.121
0.5,135.112,265.467
0.5,136.503,285.879
0.5,138.063,310.05
0.5,139.816,338.872
0.5,141.79,373.496
0.5,144.018,415.426
0.5,146.54,466.645
0.5,149.403,529.793
0.5,152.517,604.736
0.5,155.743,689.433
0.5,159.085,784.989
0.5,162.547,892.596
0.5,166.134,1013.54
0.5,169.852,1149.21
0.5,173.706,1301.08
0.5,177.703,1470.69
0.5,181.847,1659.67
0.5,186.146,1869.69
0.5,190.605,2102.43
0.5,195.233,2359.56
0.5,200.034,2642.6
0.5,205.015,2952.88
0.5,210.181,3291.32
0.5,215.534,3658.18
0.5,221.073,4052.68
0.5,226.793,4472.4
0.5,232.677,4912.39
0.5,238.695,5363.8
0.5,244.791,5811.7
0.5,250.869,6231.76
0.5,256.763,6584.82
0.5,262.179,6808.29
0.5,266.579,6802.08
0.5,268.712,6518.88
0.5,266.579,6802.08
0.5,261.708,6795.31
0.5,256.23,6556.28
0.5,261.708,6795.31
0.5,259.048,6696.05
0.5,261.962,6802.52
0.5,264.827,6841.59
0.5,267.345,6753.62
0.5,268.696,6524.95
0.5,267.14,6769.46
0.5,263.472,6834.25
0.5,258.401,6666.57
0.5,263.593,6835.84
0.5,267.535,6736.51
0.5,268.931,6381.51
0.5,267.535,6736.51
0.5,263.645,6836.47
0.5,258.462,6669.41
0.5,263.645,6836.47
0.5,267.568,6733.35
0.5,268.935,6375.71
0.5,267.568,6733.35
0.5,263.714,6837.26
0.5,258.544,6673.22
0.5,263.714,6837.26
0.5,267.611,6729
0.5,268.941,6367.82
0.5,267.611,6729
0.5,263.807,6838.24
0.5,258.654,6678.29
0.55,128.674,200
0.55,129.457,209.552
0.55,130.329,220.561
0.55,131.301,233.306
0.55,132.384,248.135
0.55,133.594,265.48
0.55,134.947,285.885
0.55,136.464,310.043
0.55,138.167,338.837
0.55,140.082,373.412
0.55,142.242,415.258
0.55,144.683,466.337
0.55,147.45,529.251
0.55,150.455,603.827
0.55,153.56,687.989
0.55,156.769,782.783
0.55,160.085,889.329
0.55,163.513,1008.82
0.55,167.054,1142.52
0.55,170.713,1291.76
0.55,174.493,1457.92
0.55,178.399,1642.4
0.55,182.433,1846.62
0.55,186.6,2071.99
0.55,190.904,2319.83
0.55,195.347,2591.34
0.55,199.934,2887.49
0.55,204.667,3208.89
0.55,209.547,3555.62
0.55,214.572,3926.99
0.55,219.74,4321.1
0.55,225.04,4734.4
0.55,230.456,5160.81
0.55,235.956,5590.66
0.55,241.49,6008.98
0.55,246.975,6392.98
0.55,252.275,6708.36
0.55,257.162,6903.7
0.55,261.24,6902.13
0.55,263.795,6589.72
0.55,263.939,6071.74
0.55,263.795,6589.72
0.55,261.36,6897.28
0.55,257.32,6907.48
0.55,261.36,6897.28
0.55,263.843,6571.47
0.55,263.904,6046.98
0.55,263.843,6571.47
0.55,261.518,6890.2
0.55,257.53,6912.18
0.55,261.518,6890.2
0.55,263.901,6546.08
0.55,263.851,6012.99
0.55,263.901,6546.08
0.55,261.723,6879.63
0.55,257.809,6917.78
0.55,261.723,6879.63
0.55,263.969,6510.44
0.55,263.771,5966.1
0.55,263.969,6510.44
0.55,261.989,6863.53
0.55,258.176,6924.01
0.55,261.989,6863.53
0.55,264.04,6459.83
0.55,263.645,5900.97
0.55,264.04,6459.83
0.55,262.323,6838.46
0.55,258.655,6929.96
0.55,262.323,6838.46
0.55,264.101,6386.94
0.6,144.533,500
0.6,145.48,522.568
0.6,146.533,548.474
0.6,147.705,578.333
0.6,149.012,612.896
0.6,150.471,653.09
0.6,152.101,700.069
0.6,153.925,755.274
0.6,155.97,820.522
0.6,158.267,898.112
0.6,160.851,990.979
0.6,163.766,1102.89
0.6,167.059,1238.68
0.6,170.623,1396.94
0.6,174.292,1572.27
0.6,178.068,1765.91
0.6,181.953,1979.02
0.6,185.947,2212.71
0.6,190.053,2467.94
0.6,194.271,2745.48
0.6,198.602,3045.8
0.6,203.046,3368.94
0.6,207.601,3714.39
0.6,212.265,4080.81
0.6,217.031,4465.77
0.6,221.89,4865.26
0.6,226.826,5273.15
0.6,231.813,5680.31
0.6,236.811,6073.4
0.6,241.756,6433.24
0.6,246.548,6732.36
0.6,251.026,6931.7
0.6,254.931,6975.93
0.6,257.821,6787.45
0.6,258.91,6259.93
0.6,257.823,5609.21
0.6,258.91,6259.93
0.6,257.972,6762.31
0.6,255.18,6971.23
0.6,257.972,6762.31
0.6,258.885,6205.47
0.6,257.644,5546.28
0.6,258.885,6205.47
0.6,258.158,6726
0.6,255.502,6963.06
0.6,258.158,6726
0.6,258.826,6128.97
0.6,257.379,5459.31
0.6,258.826,6128.97
0.6,258.378,6672.73
0.6,255.915,6948.72
0.6,258.378,6672.73
0.6,258.697,6020.32
0.6,256.977,5338.26
0.6,258.697,6020.32
0.6,258.616,6593.07
0.6,256.071,6942.01
0.6,252.454,6967.84
0.6,256.071,6942.01
0.6,258.455,6650.36
0.6,258.794,6097.86
0.6,258.455,6650.36
0.6,255.547,6961.74
0.6,251.786,6953.15
0.6,255.547,6961.74
0.6,258.183,6720.64
0.6,258.815,6117.86
0.6,257.339,5446.8
0.6,258.815,6117.86
0.6,258.406,6664.78
0.65,143.054,500
0.65,143.975,522.504
0.65,144.998,548.329
0.65,146.136,578.081
0.65,147.404,612.503
0.65,148.818,652.51
0.65,150.397,699.238
0.65,152.162,754.105
0.65,154.138,818.889
0.65,156.353,895.839
0.65,158.842,987.811
0.65,161.642,1098.45
0.65,164.798,1232.43
0.65,168.204,1388.2
0.65,171.698,1560.28
0.65,175.281,1749.73
0.65,178.952,1957.54
0.65,182.712,2184.57
0.65,186.559,2431.55
0.65,190.492,2698.98
0.65,194.509,2987.09
0.65,198.61,3295.73
0.65,202.791,3624.26
0.65,207.048,3971.37
0.65,211.376,4334.91
0.65,215.768,4711.61
0.65,220.212,5096.67
0.65,224.691,5483.32
0.65,229.182,5862.09
0.65,233.646,6219.89
0.65,238.029,6538.74
0.65,242.244,6794.08
0.65,246.159,6952.54
0.65,249.568,6968.98
0.65,252.134,6783.25
0.65,253.292,6317.2
0.65,252.453,5636.78
0.65,253.292,6317.2
0.65,251.852,6822.97
0.65,249.145,6977.1
0.65,251.852,6822.97
0.65,253.247,6400.23
0.65,252.402,5615.78
0.65,249.901,4872.43
0.65,252.51,5660.96
0.65,253.285,6337.66
0.65,251.754,6834.97
0.65,249.003,6978.99
0.65,251.754,6834.97
0.65,253.224,6426.11
0.65,252.507,5659.99
0.65,250.09,4917.97
0.65,252.629,5713.87
0.65,253.261,6381.95
0.65,251.526,6859.95
0.65,253.191,6063
0.65,253.238,6411.6
0.65,252.568,6700.39
0.65,253.265,6375.85
0.65,252.975,5896.75
0.65,253.231,6419.23
0.65,252.024,6799.72
0.65,253.271,6366.87
0.65,252.589,5695.76
0.65,253.271,6366.87
0.65,251.606,6851.61
0.65,248.792,6981.08
0.65,251.606,6851.61
0.65,253.182,6462.77
0.7,141.719,500
0.7,142.616,522.437
0.7,143.612,548.175
0.7,144.72,577.813
0.7,145.953,612.087
0.7,147.327,651.899
0.7,148.859,698.367
0.7,150.57,752.884
0.7,152.483,817.193
0.7,154.625,893.491
0.7,157.027,984.558
0.7,159.723,1093.93
0.7,162.756,1226.1
0.7,166.018,1379.39
0.7,169.354,1548.27
0.7,172.763,1733.63
0.7,176.242,1936.27
0.7,179.79,2156.86
0.7,183.404,2395.88
0.7,187.081,2653.6
0.7,190.817,2930.03
0.7,194.61,3224.8
0.7,198.455,3537.11
0.7,202.346,3865.63
0.7,206.28,4208.34
0.7,210.247,4562.37
0.7,214.241,4923.8
0.7,218.248,5287.31
0.7,222.252,5645.82
0.7,226.231,5989.96
0.7,230.151,6307.39
0.7,233.964,6581.82
0.7,237.599,6791.93
0.7,240.95,6909.82
0.7,243.852,6899.37
0.7,246.052,6714.4
0.7,247.141,6297.7
0.7,246.431,5582.88
0.7,243.999,4807.33
0.7,246.436,5585.32
0.7,247.14,6298.56
0.7,246.05,6714.85
0.7,247.14,6298.56
0.7,246.434,5584.25
0.7,244.005,4808.73
0.7,246.44,5586.94
0.7,247.139,6299.93
0.7,246.045,6715.57
0.7,247.139,6299.93
0.7,246.438,5586.45
0.7,244.014,4810.97
0.7,246.445,5589.55
0.7,247.138,6302.13
0.7,246.039,6716.71
0.7,247.138,6302.13
0.7,246.446,5589.96
0.7,244.028,4814.55
0.7,246.454,5593.71
0.7,247.136,6305.64
0.7,246.027,6718.55
0.7,247.136,6305.64
0.7,246.458,5595.58
0.7,244.051,4820.29
0.7,246.469,5600.38
0.7,247.132,6311.24
0.7,246.01,6721.47
0.7,247.132,6311.24
0.7,246.478,5604.57
0.7,244.087,4829.48
0.7,246.492,5611.05
0.75,140.498,500
0.75,141.373,522.36
0.75,142.344,548
0.75,143.424,577.513
0.75,144.624,611.623
0.75,145.96,651.22
0.75,147.449,697.404
0.75,149.11,751.542
0.75,150.965,815.34
0.75,153.039,890.942
0.75,155.36,981.048
0.75,157.961,1089.08
0.75,160.878,1219.36
0.75,164.007,1370.07
0.75,167.197,1535.66
0.75,170.445,1716.84
0.75,173.747,1914.23
0.75,177.1,2128.29
0.75,180.5,2359.31
0.75,183.941,2607.31
0.75,187.42,2872.08
0.75,190.93,3153.02
0.75,194.466,3449.18
0.75,198.023,3759.13
0.75,201.593,4080.87
0.75,205.17,4411.79
0.75,208.745,4748.47
0.75,212.309,5086.55
0.75,215.85,5420.53
0.75,219.353,5743.45
0.75,222.796,6046.53
0.75,226.153,6318.7
0.75,229.384,6545.97
0.75,232.431,6710.65
0.75,235.212,6790.49
0.75,237.602,6757.67
0.75,239.415,6577.99
0.75,240.364,6210.68
0.75,239.989,5610.12
0.75,237.53,4732.39
0.75,234.594,4073.2
0.75,237.53,4732.39
0.75,239.78,5498.25
0.75,240.406,6137.38
0.75,239.78,5498.25
0.75,236.916,4576.44
0.75,233.886,3938.98
0.75,236.916,4576.44
0.75,239.371,5317.07
0.75,240.387,6177.55
0.75,239.512,6559.34
0.75,240.387,6177.55
0.75,239.899,5559.34
0.75,237.256,4661.37
0.75,234.276,4012.08
0.75,237.256,4661.37
0.75,239.604,5415.74
0.75,240.392,6169.28
0.75,239.535,6554.64
0.75,240.392,6169.28
0.75,239.875,5546.71
0.75,237.187,4643.77
0.75,234.196,3996.93
0.75,237.187,4643.77
0.75,239.558,5395.29
0.75,240.4,6151.76
0.75,239.582,6544.64
0.75,240.4,6151.76
0.75,239.823,5520.05
0.75,237.039,4606.69
0.8,139.365,500
0.8,140.219,522.271
0.8,141.166,547.797
0.8,142.219,577.164
0.8,143.388,611.086
0.8,144.689,650.439
0.8,146.137,696.303
0.8,147.75,750.015
0.8,149.55,813.244
0.8,151.559,888.074
0.8,153.803,977.124
0.8,156.313,1083.69
0.8,159.121,1211.92
0.8,162.124,1359.88
0.8,165.175,1521.95
0.8,168.27,1698.69
0.8,171.405,1890.56
0.8,174.573,2097.81
0.8,177.77,2320.5
0.8,180.99,2558.45
0.8,184.226,2811.2
0.8,187.471,3077.95
0.8,190.718,3357.56
0.8,193.961,3648.46
0.8,197.191,3948.63
0.8,200.401,4255.55
0.8,203.583,4566.14
0.8,206.728,4876.66
0.8,209.826,5182.64
0.8,212.866,5478.72
0.8,215.835,5758.52
0.8,218.715,6014.36
0.8,221.485,6237
0.8,224.113,6415.26
0.8,222.819,6332.47
0.8,224.24,6422.77
0.8,225.738,6501.55
0.8,227.292,6559.19
0.8,228.865,6581.3
0.8,230.385,6546.21
0.8,231.727,6421.42
0.8,232.662,6158.22
0.8,232.788,5723.1
0.8,231.677,5091.33
0.8,228.692,4239.54
0.8,225.741,3649.01
0.8,228.692,4239.54
0.8,231.216,4925.65
0.8,232.788,5722.79
0.8,232.663,6158.01
0.8,232.788,5722.79
0.8,231.675,5090.9
0.8,228.689,4238.98
0.8,225.738,3648.52
0.8,228.689,4238.98
0.8,231.214,4924.99
0.8,232.787,5722.02
0.8,232.664,6157.51
0.8,232.787,5722.02
0.8,231.673,5089.83
0.8,228.683,4237.59
0.8,225.732,3647.33
0.8,228.683,4237.59
0.8,231.209,4923.38
0.8,232.786,5720.15
0.8,232.666,6156.28
0.8,232.786,5720.15
0.8,231.666,5087.21
0.8,228.668,4234.16
0.85,138.296,500
0.85,139.129,522.164
0.85,140.054,547.555
0.85,141.08,576.75
0.85,142.219,610.452
0.85,143.485,649.52
0.85,144.893,695.012
0.85,146.46,748.235
0.85,148.206,810.812
0.85,150.151,884.765
0.85,152.321,972.624
0.85,154.742,1077.55
0.85,157.443,1203.5
0.85,160.323,1348.41
0.85,163.238,1506.62
0.85,166.185,1678.55
0.85,169.156,1864.44
0.85,172.145,2064.37
0.85,175.146,2278.18
0.85,178.15,2505.46
0.85,181.151,2745.52
0.85,184.141,2997.36
0.85,187.11,3259.63
0.85,190.051,3530.6
0.85,192.955,3808.2
0.85,195.814,4089.92
0.85,198.618,4372.87
0.85,201.36,4653.71
0.85,204.03,4928.65
0.85,206.62,5193.44
0.85,209.12,5443.28
0.85,211.517,5672.75
0.85,213.801,5875.75
0.85,215.953,6045.31
0.85,217.953,6173.4
0.85,219.772,6250.77
0.85,221.373,6266.62
0.85,222.7,6208.4
0.85,223.678,6061.63
0.85,224.195,5809.98
0.85,224.093,5435.8
0.85,223.133,4921.63
0.85,220.958,4253.52
0.85,218.264,3661.04
0.85,220.958,4253.52
0.85,223.184,4941.88
0.85,224.109,5450.96
0.85,223.184,4941.88
0.85,221.058,4279.24
0.85,218.378,3683.17
0.85,221.058,4279.24
0.85,223.257,4971.76
0.85,224.131,5473.26
0.85,223.257,4971.76
0.85,221.205,4317.25
0.85,218.544,3715.9
0.85,221.205,4317.25
0.85,223.362,5015.93
0.85,224.16,5506.11
0.85,223.362,5015.93
0.85,221.417,4373.64
0.85,218.786,3764.42
0.85,221.417,4373.64
0.85,223.508,5081.44
0.85,224.196,5554.56
0.85,223.508,5081.44
0.85,221.721,4457.65
0.85,219.138,3836.74
0.85,221.721,4457.65
0.85,223.705,5179.05
