T_K,x1,y1,P_kPa
298,0.02,0.158924,3.68286
298,0.06,0.354569,4.61671
298,0.1,0.471993,5.43241
298,0.14,0.551664,6.15927
298,0.18,0.610282,6.81885
298,0.22,0.655987,7.42723
298,0.26,0.693212,7.99659
298,0.3,0.724575,8.53622
298,0.34,0.751717,9.0533
298,0.38,0.775717,9.55341
298,0.42,0.797314,10.041
298,0.46,0.817027,10.5195
298,0.5,0.835231,10.9917
298,0.54,0.852206,11.4599
298,0.58,0.86816,11.9259
298,0.62,0.883254,12.3912
298,0.66,0.897614,12.8569
298,0.7,0.911339,13.3241
298,0.74,0.924506,13.7935
298,0.78,0.937181,14.2659
298,0.82,0.949415,14.7418
298,0.86,0.96125,15.2216
298,0.9,0.972722,15.7058
298,0.94,0.983861,16.1947
298,0.98,0.994693,16.6884
308,0.02,0.148921,6.47448
308,0.06,0.337188,7.99736
308,0.1,0.452895,9.32646
308,0.14,0.532594,10.5098
308,0.18,0.591861,11.5826
308,0.22,0.638446,12.5714
308,0.26,0.676633,13.496
308,0.3,0.70898,14.3715
308,0.34,0.737101,15.2097
308,0.38,0.762067,16.0197
308,0.42,0.784614,16.8088
308,0.46,0.80526,17.5825
308,0.5,0.824383,18.3455
308,0.54,0.842264,19.1014
308,0.58,0.859114,19.853
308,0.62,0.875095,20.6029
308,0.66,0.890334,21.353
308,0.7,0.904931,22.1048
308,0.74,0.918966,22.8598
308,0.78,0.932503,23.6188
308,0.82,0.945594,24.383
308,0.86,0.958284,25.153
308,0.9,0.970608,25.9293
308,0.94,0.982595,26.7127
308,0.98,0.994271,27.5033
318,0.02,0.140305,10.9293
318,0.06,0.321798,13.3272
318,0.1,0.435696,15.4182
318,0.14,0.515218,17.2784
318,0.18,0.57493,18.9634
318,0.22,0.622214,20.515
318,0.26,0.661206,21.9646
318,0.3,0.694398,23.3362
318,0.34,0.723379,24.6482
318,0.38,0.749205,25.915
318,0.42,0.772607,27.148
318,0.46,0.794102,28.356
318,0.5,0.814068,29.5462
318,0.54,0.832786,30.7244
318,0.58,0.850468,31.8951
318,0.62,0.867279,33.062
318,0.66,0.883344,34.2283
318,0.7,0.898766,35.3965
318,0.74,0.913624,36.5685
318,0.78,0.927983,37.7461
318,0.82,0.941897,38.9307
318,0.86,0.955408,40.1234
318,0.9,0.968553,41.3252
318,0.94,0.981362,42.5369
318,0.98,0.993861,43.7591
328,0.02,0.132828,17.7891
328,0.06,0.308117,21.4481
328,0.1,0.420173,24.6362
328,0.14,0.499369,27.4698
328,0.18,0.559363,30.0345
328,0.22,0.607196,32.3941
328,0.26,0.646858,34.5967
328,0.3,0.680777,36.6789
328,0.34,0.710511,38.6689
328,0.38,0.737102,40.5889
328,0.42,0.761273,42.4559
328,0.46,0.783539,44.2836
328,0.5,0.804277,46.0828
328,0.54,0.823768,47.8624
328,0.58,0.842223,49.6292
328,0.62,0.859807,51.3889
328,0.66,0.876649,53.1463
328,0.7,0.892848,54.905
328,0.74,0.908486,56.6681
328,0.78,0.923628,58.4383
328,0.82,0.938327,60.2177
328,0.86,0.952627,62.0079
328,0.9,0.966563,63.8104
328,0.94,0.980166,65.6263
328,0.98,0.993461,67.4568
338,0.02,0.126296,28.0202
338,0.06,0.295906,33.4478
338,0.1,0.406128,38.1729
338,0.14,0.484891,42.3691
338,0.18,0.545039,46.1639
338,0.22,0.593296,49.6523
338,0.26,0.633515,52.9058
338,0.3,0.668058,55.9788
338,0.34,0.698452,58.9133
338,0.38,0.725723,61.742
338,0.42,0.750586,64.4903
338,0.46,0.773553,67.1785
338,0.5,0.794997,69.8226
338,0.54,0.815199,72.4355
338,0.58,0.834372,75.0276
338,0.62,0.852678,77.6072
338,0.66,0.870246,80.1812
338,0.7,0.887178,82.7551
338,0.74,0.903555,85.3335
338,0.78,0.91944,87.9201
338,0.82,0.934889,90.518
338,0.86,0.949943,93.1298
338,0.9,0.96464,95.7575
338,0.94,0.979008,98.403
338,0.98,0.993074,101.068
348,0.02,0.120553,42.8468
348,0.06,0.284965,50.6948
348,0.1,0.393388,57.5214
348,0.14,0.471642,63.579
348,0.18,0.531844,69.0525
348,0.22,0.580423,74.0797
348,0.26,0.621102,78.7644
348,0.3,0.656181,83.1855
348,0.34,0.687152,87.4037
348,0.38,0.715029,91.4663
348,0.42,0.740515,95.4101
348,0.46,0.764117,99.2644
348,0.5,0.786208,103.052
348,0.54,0.807066,106.792
348,0.58,0.826903,110.499
348,0.62,0.845882,114.185
348,0.66,0.864132,117.86
348,0.7,0.881753,121.532
348,0.74,0.898827,125.208
348,0.78,0.915419,128.892
348,0.82,0.931581,132.589
348,0.86,0.947357,136.303
348,0.9,0.962783,140.037
348,0.94,0.977889,143.793
348,0.98,0.992699,147.574
358,0.02,0.115472,63.7828
358,0.06,0.275124,74.871
358,0.1,0.381802,84.5083
358,0.14,0.459497,93.0529
358,0.18,0.519673,100.767
358,0.22,0.568491,107.847
358,0.26,0.609548,114.438
358,0.3,0.645085,120.654
358,0.34,0.676564,126.579
358,0.38,0.704978,132.28
358,0.42,0.731025,137.81
358,0.46,0.755205,143.21
358,0.5,0.777888,148.513
358,0.54,0.799351,153.744
358,0.58,0.819804,158.924
358,0.62,0.83941,164.071
358,0.66,0.858298,169.198
358,0.7,0.876568,174.317
358,0.74,0.894301,179.436
358,0.78,0.911562,184.563
358,0.82,0.928403,189.705
358,0.86,0.944869,194.865
358,0.9,0.960994,200.049
358,0.94,0.976808,205.26
358,0.98,0.992337,210.501
368,0.02,0.110954,92.6596
368,0.06,0.266239,108
368,0.1,0.371236,121.322
368,0.14,0.44834,133.124
368,0.18,0.50843,143.771
368,0.22,0.557417,153.533
368,0.26,0.598784,162.615
368,0.3,0.634714,171.171
368,0.34,0.666637,179.321
368,0.38,0.695531,187.157
368,0.42,0.722083,194.751
368,0.46,0.746789,202.159
368,0.5,0.770014,209.428
368,0.54,0.792034,216.592
368,0.58,0.813059,223.681
368,0.62,0.83325,230.719
368,0.66,0.852735,237.723
368,0.7,0.871615,244.71
368,0.74,0.88997,251.692
368,0.78,0.907865,258.679
368,0.82,0.925353,265.68
368,0.86,0.942477,272.701
368,0.9,0.959271,279.749
368,0.94,0.975767,286.827
368,0.98,0.991987,293.94
378,0.02,0.106915,131.649
378,0.06,0.258188,152.468
378,0.1,0.361575,170.535
378,0.14,0.438071,186.527
378,0.18,0.498027,200.942
378,0.22,0.547127,214.149
378,0.26,0.588747,226.425
378,0.3,0.625012,237.981
378,0.34,0.657326,248.979
378,0.38,0.686648,259.544
378,0.42,0.713655,269.774
378,0.46,0.738839,279.746
378,0.5,0.762562,289.521
378,0.54,0.785096,299.148
378,0.58,0.806651,308.666
378,0.62,0.827387,318.106
378,0.66,0.847432,327.494
378,0.7,0.866886,336.851
378,0.74,0.885829,346.193
378,0.78,0.904325,355.534
378,0.82,0.922427,364.886
378,0.86,0.940179,374.257
378,0.9,0.957614,383.656
378,0.94,0.974763,393.088
378,0.98,0.991649,402.559
